{
	"texture_size": [64, 64],
	"textures": {
		"0": "custom_model_data_guide_assets:item/banhammer"
	},
	"elements": [
		{
			"from": [6, 0, 6.5],
			"to": [10, 4, 10.5],
			"rotation": {"angle": 0, "axis": "y", "origin": [8, 0, 8]},
			"faces": {
				"north": {"uv": [5.25, 6.75, 6.25, 7.75], "texture": "#0"},
				"east": {"uv": [7.25, 4.25, 8.25, 5.25], "texture": "#0"},
				"south": {"uv": [7.25, 5.5, 8.25, 6.5], "texture": "#0"},
				"west": {"uv": [7.25, 6.75, 8.25, 7.75], "texture": "#0"},
				"up": {"uv": [8.75, 1, 7.75, 0], "texture": "#0"},
				"down": {"uv": [8.75, 1.25, 7.75, 2.25], "texture": "#0"}
			}
		},
		{
			"from": [4, 20, 0.2],
			"to": [12, 28.1, 16.8],
			"rotation": {"angle": 0, "axis": "y", "origin": [8, 0, 8]},
			"faces": {
				"north": {"uv": [2.25, 4.5, 4.25, 6.5], "texture": "#0"},
				"east": {"uv": [0, 0, 4.25, 2], "texture": "#0"},
				"south": {"uv": [4.5, 4.5, 6.5, 6.5], "texture": "#0"},
				"west": {"uv": [0, 2.25, 4.25, 4.25], "texture": "#0"},
				"up": {"uv": [2, 8.75, 0, 4.5], "texture": "#0"},
				"down": {"uv": [6.5, 0, 4.5, 4.25], "texture": "#0"}
			}
		},
		{
			"name": "text_BAN",
			"from": [3.8, 20, 0.5],
			"to": [4.3, 28, 2],
			"rotation": {"angle": 0, "axis": "y", "origin": [7.3, 20, 4]},
			"faces": {
				"north": {"uv": [8.25, 10.25, 8.5, 12.25], "texture": "#0"},
				"east": {"uv": [6, 8, 6.5, 10], "texture": "#0"},
				"south": {"uv": [10.25, 8.5, 10.5, 10.5], "texture": "#0"},
				"west": {"uv": [5.25, 8, 5.75, 10], "texture": "#0"},
				"up": {"uv": [8.25, 4, 7.75, 3.75], "rotation": 270, "texture": "#0"},
				"down": {"uv": [14, 0, 13.5, 0.25], "rotation": 90, "texture": "#0"}
			}
		},
		{
			"name": "text_BAN",
			"from": [3.8, 26, 2],
			"to": [4.3, 28, 3.5],
			"rotation": {"angle": 0, "axis": "y", "origin": [7.3, 20, 4]},
			"faces": {
				"north": {"uv": [6.25, 13.5, 6.5, 14], "texture": "#0"},
				"east": {"uv": [5.25, 12.5, 5.75, 13], "texture": "#0"},
				"south": {"uv": [13.5, 8.25, 13.75, 8.75], "texture": "#0"},
				"west": {"uv": [1.25, 12.5, 1.75, 13], "texture": "#0"},
				"up": {"uv": [14, 3.75, 13.5, 3.5], "rotation": 270, "texture": "#0"},
				"down": {"uv": [14, 9, 13.5, 9.25], "rotation": 90, "texture": "#0"}
			}
		},
		{
			"name": "text_BAN",
			"from": [3.8, 20, 2],
			"to": [4.3, 22, 3.5],
			"rotation": {"angle": 0, "axis": "y", "origin": [7.3, 20, 4]},
			"faces": {
				"north": {"uv": [9.25, 13.5, 9.5, 14], "texture": "#0"},
				"east": {"uv": [12.5, 11.5, 13, 12], "texture": "#0"},
				"south": {"uv": [13.5, 9.5, 13.75, 10], "texture": "#0"},
				"west": {"uv": [8, 12.5, 8.5, 13], "texture": "#0"},
				"up": {"uv": [14, 10.5, 13.5, 10.25], "rotation": 270, "texture": "#0"},
				"down": {"uv": [14, 10.75, 13.5, 11], "rotation": 90, "texture": "#0"}
			}
		},
		{
			"name": "text_BAN",
			"from": [3.8, 23, 2],
			"to": [4.3, 25, 3.5],
			"rotation": {"angle": 0, "axis": "y", "origin": [7.3, 20, 4]},
			"faces": {
				"north": {"uv": [13.25, 13.5, 13.5, 14], "texture": "#0"},
				"east": {"uv": [12.75, 0, 13.25, 0.5], "texture": "#0"},
				"south": {"uv": [13.75, 4, 14, 4.5], "texture": "#0"},
				"west": {"uv": [12.5, 12.25, 13, 12.75], "texture": "#0"},
				"up": {"uv": [14.25, 5, 13.75, 4.75], "rotation": 270, "texture": "#0"},
				"down": {"uv": [14.25, 6.5, 13.75, 6.75], "rotation": 90, "texture": "#0"}
			}
		},
		{
			"name": "text_BAN",
			"from": [3.8, 23.5, 3],
			"to": [4.3, 24.5, 4.5],
			"rotation": {"angle": 0, "axis": "y", "origin": [7.3, 20, 4]},
			"faces": {
				"north": {"uv": [6.75, 9.75, 7, 10], "texture": "#0"},
				"east": {"uv": [13.75, 7.5, 14.25, 7.75], "texture": "#0"},
				"south": {"uv": [14, 14.5, 14.25, 14.75], "texture": "#0"},
				"west": {"uv": [13.75, 7, 14.25, 7.25], "texture": "#0"},
				"up": {"uv": [9, 14, 8.5, 13.75], "rotation": 270, "texture": "#0"},
				"down": {"uv": [14.25, 11.25, 13.75, 11.5], "rotation": 90, "texture": "#0"}
			}
		},
		{
			"name": "text_BAN",
			"from": [3.8, 20, 3.5],
			"to": [4.3, 23.5, 5],
			"rotation": {"angle": 0, "axis": "y", "origin": [7.3, 20, 4]},
			"faces": {
				"north": {"uv": [6.75, 8.5, 7, 9.5], "texture": "#0"},
				"east": {"uv": [10.75, 8.5, 11.25, 9.5], "texture": "#0"},
				"south": {"uv": [12.75, 0.75, 13, 1.75], "texture": "#0"},
				"west": {"uv": [7.75, 2.5, 8.25, 3.5], "texture": "#0"},
				"up": {"uv": [12, 14, 11.5, 13.75], "rotation": 270, "texture": "#0"},
				"down": {"uv": [14.25, 11.75, 13.75, 12], "rotation": 90, "texture": "#0"}
			}
		},
		{
			"name": "text_BAN",
			"from": [3.8, 24.5, 3.5],
			"to": [4.3, 28, 5],
			"rotation": {"angle": 0, "axis": "y", "origin": [7.3, 20, 4]},
			"faces": {
				"north": {"uv": [12.75, 2, 13, 3], "texture": "#0"},
				"east": {"uv": [11, 0, 11.5, 1], "texture": "#0"},
				"south": {"uv": [12.75, 7, 13, 8], "texture": "#0"},
				"west": {"uv": [10.75, 9.75, 11.25, 10.75], "texture": "#0"},
				"up": {"uv": [12.75, 14, 12.25, 13.75], "rotation": 270, "texture": "#0"},
				"down": {"uv": [14.25, 12.25, 13.75, 12.5], "rotation": 90, "texture": "#0"}
			}
		},
		{
			"name": "text_BAN",
			"from": [3.8, 20, 5.8],
			"to": [4.3, 28, 7.3],
			"rotation": {"angle": 0, "axis": "y", "origin": [7.3, 20, 4]},
			"faces": {
				"north": {"uv": [10.25, 10.75, 10.5, 12.75], "texture": "#0"},
				"east": {"uv": [8, 8, 8.5, 10], "texture": "#0"},
				"south": {"uv": [2.25, 11, 2.5, 13], "texture": "#0"},
				"west": {"uv": [7.25, 8, 7.75, 10], "texture": "#0"},
				"up": {"uv": [14.25, 13, 13.75, 12.75], "rotation": 270, "texture": "#0"},
				"down": {"uv": [14.25, 13.25, 13.75, 13.5], "rotation": 90, "texture": "#0"}
			}
		},
		{
			"name": "text_BAN",
			"from": [3.8, 26, 7.3],
			"to": [4.3, 28, 8.8],
			"rotation": {"angle": 0, "axis": "y", "origin": [7.3, 20, 4]},
			"faces": {
				"north": {"uv": [13.75, 13.75, 14, 14.25], "texture": "#0"},
				"east": {"uv": [12.75, 8.25, 13.25, 8.75], "texture": "#0"},
				"south": {"uv": [0.5, 14, 0.75, 14.5], "texture": "#0"},
				"west": {"uv": [12.75, 3.25, 13.25, 3.75], "texture": "#0"},
				"up": {"uv": [14.5, 0.75, 14, 0.5], "rotation": 270, "texture": "#0"},
				"down": {"uv": [1.5, 14, 1, 14.25], "rotation": 90, "texture": "#0"}
			}
		},
		{
			"name": "text_BAN",
			"from": [3.8, 20, 8.8],
			"to": [4.3, 28, 10.3],
			"rotation": {"angle": 0, "axis": "y", "origin": [7.3, 20, 4]},
			"faces": {
				"north": {"uv": [2.75, 11, 3, 13], "texture": "#0"},
				"east": {"uv": [8.5, 4.75, 9, 6.75], "texture": "#0"},
				"south": {"uv": [11, 3, 11.25, 5], "texture": "#0"},
				"west": {"uv": [8.5, 2.5, 9, 4.5], "texture": "#0"},
				"up": {"uv": [14.5, 1.25, 14, 1], "rotation": 270, "texture": "#0"},
				"down": {"uv": [14.5, 1.5, 14, 1.75], "rotation": 90, "texture": "#0"}
			}
		},
		{
			"name": "text_BAN",
			"from": [3.8, 23, 7.3],
			"to": [4.3, 25, 8.8],
			"rotation": {"angle": 0, "axis": "y", "origin": [7.3, 20, 4]},
			"faces": {
				"north": {"uv": [14, 2, 14.25, 2.5], "texture": "#0"},
				"east": {"uv": [13, 4.75, 13.5, 5.25], "texture": "#0"},
				"south": {"uv": [14, 2.75, 14.25, 3.25], "texture": "#0"},
				"west": {"uv": [13, 4, 13.5, 4.5], "texture": "#0"},
				"up": {"uv": [14.5, 5.5, 14, 5.25], "rotation": 270, "texture": "#0"},
				"down": {"uv": [14.5, 5.75, 14, 6], "rotation": 90, "texture": "#0"}
			}
		},
		{
			"name": "text_BAN",
			"from": [3.8, 20, 11.1],
			"to": [4.3, 28, 12.6],
			"rotation": {"angle": 0, "axis": "y", "origin": [7.3, 20, 4]},
			"faces": {
				"north": {"uv": [3.25, 11, 3.5, 13], "texture": "#0"},
				"east": {"uv": [0, 9, 0.5, 11], "texture": "#0"},
				"south": {"uv": [3.75, 11, 4, 13], "texture": "#0"},
				"west": {"uv": [8.75, 7, 9.25, 9], "texture": "#0"},
				"up": {"uv": [7.25, 14.25, 6.75, 14], "rotation": 270, "texture": "#0"},
				"down": {"uv": [14.5, 8, 14, 8.25], "rotation": 90, "texture": "#0"}
			}
		},
		{
			"name": "text_BAN",
			"from": [3.8, 20, 15.1],
			"to": [4.3, 28, 16.6],
			"rotation": {"angle": 0, "axis": "y", "origin": [7.3, 20, 4]},
			"faces": {
				"north": {"uv": [4.25, 11, 4.5, 13], "texture": "#0"},
				"east": {"uv": [0.75, 9, 1.25, 11], "texture": "#0"},
				"south": {"uv": [4.75, 11, 5, 13], "texture": "#0"},
				"west": {"uv": [9, 0, 9.5, 2], "texture": "#0"},
				"up": {"uv": [14.5, 8.75, 14, 8.5], "rotation": 270, "texture": "#0"},
				"down": {"uv": [14.5, 9.5, 14, 9.75], "rotation": 90, "texture": "#0"}
			}
		},
		{
			"name": "text_BAN",
			"from": [3.8, 23, 12.6],
			"to": [4.3, 26, 14.1],
			"rotation": {"angle": 0, "axis": "y", "origin": [7.3, 20, 4]},
			"faces": {
				"north": {"uv": [10.5, 13.25, 10.75, 14], "texture": "#0"},
				"east": {"uv": [12, 7, 12.5, 7.75], "texture": "#0"},
				"south": {"uv": [11, 13.25, 11.25, 14], "texture": "#0"},
				"west": {"uv": [12, 3, 12.5, 3.75], "texture": "#0"},
				"up": {"uv": [14.75, 0.25, 14.25, 0], "rotation": 270, "texture": "#0"},
				"down": {"uv": [2.25, 14.25, 1.75, 14.5], "rotation": 90, "texture": "#0"}
			}
		},
		{
			"name": "text_BAN",
			"from": [3.8, 22, 13.6],
			"to": [4.3, 25, 15.1],
			"rotation": {"angle": 0, "axis": "y", "origin": [7.3, 20, 4]},
			"faces": {
				"north": {"uv": [13.25, 11.5, 13.5, 12.25], "texture": "#0"},
				"east": {"uv": [11.75, 12, 12.25, 12.75], "texture": "#0"},
				"south": {"uv": [13.25, 12.5, 13.5, 13.25], "texture": "#0"},
				"west": {"uv": [12, 8, 12.5, 8.75], "texture": "#0"},
				"up": {"uv": [3, 14.5, 2.5, 14.25], "rotation": 270, "texture": "#0"},
				"down": {"uv": [3.75, 14.25, 3.25, 14.5], "rotation": 90, "texture": "#0"}
			}
		},
		{
			"name": "text_BAN",
			"from": [11.3, 20, 15],
			"to": [12.3, 28, 16.5],
			"rotation": {"angle": 0, "axis": "y", "origin": [7.3, 20, 4]},
			"faces": {
				"north": {"uv": [0, 11.25, 0.25, 13.25], "texture": "#0"},
				"east": {"uv": [1.5, 9, 2, 11], "texture": "#0"},
				"south": {"uv": [10.75, 11, 11, 13], "texture": "#0"},
				"west": {"uv": [9.25, 2.25, 9.75, 4.25], "texture": "#0"},
				"up": {"uv": [14.75, 3.75, 14.25, 3.5], "rotation": 90, "texture": "#0"},
				"down": {"uv": [4.5, 14.25, 4, 14.5], "rotation": 270, "texture": "#0"}
			}
		},
		{
			"name": "text_BAN",
			"from": [11.3, 26, 13.5],
			"to": [12.3, 28, 15],
			"rotation": {"angle": 0, "axis": "y", "origin": [7.3, 20, 4]},
			"faces": {
				"north": {"uv": [5.25, 14.25, 5.5, 14.75], "texture": "#0"},
				"east": {"uv": [7.5, 14, 7.75, 14.5], "texture": "#0"},
				"south": {"uv": [14.25, 4, 14.5, 4.5], "texture": "#0"},
				"west": {"uv": [4.75, 14.25, 5, 14.75], "texture": "#0"},
				"up": {"uv": [14.75, 14.75, 14.5, 14.5], "rotation": 90, "texture": "#0"},
				"down": {"uv": [0.75, 14.75, 0.5, 15], "rotation": 270, "texture": "#0"}
			}
		},
		{
			"name": "text_BAN",
			"from": [11.3, 20, 13.5],
			"to": [12.3, 22, 15],
			"rotation": {"angle": 0, "axis": "y", "origin": [7.3, 20, 4]},
			"faces": {
				"north": {"uv": [9.5, 14.25, 9.75, 14.75], "texture": "#0"},
				"east": {"uv": [6.25, 14.25, 6.5, 14.75], "texture": "#0"},
				"south": {"uv": [8.5, 14.25, 8.75, 14.75], "texture": "#0"},
				"west": {"uv": [9, 14.25, 9.25, 14.75], "texture": "#0"},
				"up": {"uv": [15, 0.75, 14.75, 0.5], "rotation": 90, "texture": "#0"},
				"down": {"uv": [15, 1, 14.75, 1.25], "rotation": 270, "texture": "#0"}
			}
		},
		{
			"name": "text_BAN",
			"from": [11.3, 23, 13.5],
			"to": [12.3, 25, 15],
			"rotation": {"angle": 0, "axis": "y", "origin": [7.3, 20, 4]},
			"faces": {
				"north": {"uv": [11, 14.25, 11.25, 14.75], "texture": "#0"},
				"east": {"uv": [10, 14.25, 10.25, 14.75], "texture": "#0"},
				"south": {"uv": [14.25, 10, 14.5, 10.5], "texture": "#0"},
				"west": {"uv": [10.5, 14.25, 10.75, 14.75], "texture": "#0"},
				"up": {"uv": [15, 1.75, 14.75, 1.5], "rotation": 90, "texture": "#0"},
				"down": {"uv": [2, 14.75, 1.75, 15], "rotation": 270, "texture": "#0"}
			}
		},
		{
			"name": "text_BAN",
			"from": [11.3, 23.5, 12.5],
			"to": [12.3, 24.5, 14],
			"rotation": {"angle": 0, "axis": "y", "origin": [7.3, 20, 4]},
			"faces": {
				"north": {"uv": [3.75, 14.75, 4, 15], "texture": "#0"},
				"east": {"uv": [2.25, 14.75, 2.5, 15], "texture": "#0"},
				"south": {"uv": [2.75, 14.75, 3, 15], "texture": "#0"},
				"west": {"uv": [3.25, 14.75, 3.5, 15], "texture": "#0"},
				"up": {"uv": [15, 4.25, 14.75, 4], "rotation": 90, "texture": "#0"},
				"down": {"uv": [4.5, 14.75, 4.25, 15], "rotation": 270, "texture": "#0"}
			}
		},
		{
			"name": "text_BAN",
			"from": [11.3, 20, 12],
			"to": [12.3, 23.5, 13.5],
			"rotation": {"angle": 0, "axis": "y", "origin": [7.3, 20, 4]},
			"faces": {
				"north": {"uv": [13, 9, 13.25, 10], "texture": "#0"},
				"east": {"uv": [0.5, 11.25, 1, 12.25], "texture": "#0"},
				"south": {"uv": [13, 5.5, 13.25, 6.5], "texture": "#0"},
				"west": {"uv": [1.25, 11.25, 1.75, 12.25], "texture": "#0"},
				"up": {"uv": [14.75, 9.25, 14.25, 9], "rotation": 90, "texture": "#0"},
				"down": {"uv": [14.75, 10.75, 14.25, 11], "rotation": 270, "texture": "#0"}
			}
		},
		{
			"name": "text_BAN",
			"from": [11.3, 24.5, 12],
			"to": [12.3, 28, 13.5],
			"rotation": {"angle": 0, "axis": "y", "origin": [7.3, 20, 4]},
			"faces": {
				"north": {"uv": [13, 10.25, 13.25, 11.25], "texture": "#0"},
				"east": {"uv": [11.25, 1.25, 11.75, 2.25], "texture": "#0"},
				"south": {"uv": [10, 13, 10.25, 14], "texture": "#0"},
				"west": {"uv": [5.25, 11.25, 5.75, 12.25], "texture": "#0"},
				"up": {"uv": [12, 14.5, 11.5, 14.25], "rotation": 90, "texture": "#0"},
				"down": {"uv": [12.75, 14.25, 12.25, 14.5], "rotation": 270, "texture": "#0"}
			}
		},
		{
			"name": "text_BAN",
			"from": [11.3, 20, 9.7],
			"to": [12.3, 28, 11.2],
			"rotation": {"angle": 0, "axis": "y", "origin": [7.3, 20, 4]},
			"faces": {
				"north": {"uv": [9.5, 11.25, 9.75, 13.25], "texture": "#0"},
				"east": {"uv": [11.25, 5.25, 11.5, 7.25], "texture": "#0"},
				"south": {"uv": [6, 11.25, 6.25, 13.25], "texture": "#0"},
				"west": {"uv": [6.5, 11.25, 6.75, 13.25], "texture": "#0"},
				"up": {"uv": [15, 5.5, 14.75, 5.25], "rotation": 90, "texture": "#0"},
				"down": {"uv": [15, 5.75, 14.75, 6], "rotation": 270, "texture": "#0"}
			}
		},
		{
			"name": "text_BAN",
			"from": [11.3, 26, 8.2],
			"to": [12.3, 28, 9.7],
			"rotation": {"angle": 0, "axis": "y", "origin": [7.3, 20, 4]},
			"faces": {
				"north": {"uv": [14.25, 13.75, 14.5, 14.25], "texture": "#0"},
				"east": {"uv": [11.75, 13, 12.25, 13.5], "texture": "#0"},
				"south": {"uv": [13, 14.25, 13.25, 14.75], "texture": "#0"},
				"west": {"uv": [12.5, 13, 13, 13.5], "texture": "#0"},
				"up": {"uv": [1.5, 14.75, 1, 14.5], "rotation": 90, "texture": "#0"},
				"down": {"uv": [15, 2, 14.5, 2.25], "rotation": 270, "texture": "#0"}
			}
		},
		{
			"name": "text_BAN",
			"from": [11.3, 20, 6.7],
			"to": [12.3, 28, 8.2],
			"rotation": {"angle": 0, "axis": "y", "origin": [7.3, 20, 4]},
			"faces": {
				"north": {"uv": [11.5, 2.5, 11.75, 4.5], "texture": "#0"},
				"east": {"uv": [9.25, 4.5, 9.75, 6.5], "texture": "#0"},
				"south": {"uv": [11.25, 11, 11.5, 13], "texture": "#0"},
				"west": {"uv": [8.75, 9.25, 9.25, 11.25], "texture": "#0"},
				"up": {"uv": [15, 2.75, 14.5, 2.5], "rotation": 90, "texture": "#0"},
				"down": {"uv": [15, 3, 14.5, 3.25], "rotation": 270, "texture": "#0"}
			}
		},
		{
			"name": "text_BAN",
			"from": [11.3, 23, 8.2],
			"to": [12.3, 25, 9.7],
			"rotation": {"angle": 0, "axis": "y", "origin": [7.3, 20, 4]},
			"faces": {
				"north": {"uv": [5.75, 14.5, 6, 15], "texture": "#0"},
				"east": {"uv": [13.25, 0.75, 13.75, 1.25], "texture": "#0"},
				"south": {"uv": [0, 14.5, 0.25, 15], "texture": "#0"},
				"west": {"uv": [1.25, 13.25, 1.75, 13.75], "texture": "#0"},
				"up": {"uv": [15, 5, 14.5, 4.75], "rotation": 90, "texture": "#0"},
				"down": {"uv": [15, 6.25, 14.5, 6.5], "rotation": 270, "texture": "#0"}
			}
		},
		{
			"name": "text_BAN",
			"from": [11.3, 20, 4.4],
			"to": [12.3, 28, 5.9],
			"rotation": {"angle": 0, "axis": "y", "origin": [7.3, 20, 4]},
			"faces": {
				"north": {"uv": [7, 11.75, 7.25, 13.75], "texture": "#0"},
				"east": {"uv": [11.5, 7.5, 11.75, 9.5], "texture": "#0"},
				"south": {"uv": [8.75, 11.5, 9, 13.5], "texture": "#0"},
				"west": {"uv": [11.75, 4.75, 12, 6.75], "texture": "#0"},
				"up": {"uv": [7.75, 15, 7.5, 14.75], "rotation": 90, "texture": "#0"},
				"down": {"uv": [15, 7.75, 14.75, 8], "rotation": 270, "texture": "#0"}
			}
		},
		{
			"name": "text_BAN",
			"from": [11.3, 20, 0.4],
			"to": [12.3, 28, 1.9],
			"rotation": {"angle": 0, "axis": "y", "origin": [7.3, 20, 4]},
			"faces": {
				"north": {"uv": [11.75, 9.75, 12, 11.75], "texture": "#0"},
				"east": {"uv": [9.5, 6.75, 10, 8.75], "texture": "#0"},
				"south": {"uv": [7.5, 11.75, 7.75, 13.75], "texture": "#0"},
				"west": {"uv": [9.5, 9, 10, 11], "texture": "#0"},
				"up": {"uv": [7.25, 14.75, 6.75, 14.5], "rotation": 90, "texture": "#0"},
				"down": {"uv": [15, 6.75, 14.5, 7], "rotation": 270, "texture": "#0"}
			}
		},
		{
			"name": "text_BAN",
			"from": [11.3, 23, 2.9],
			"to": [12.3, 26, 4.4],
			"rotation": {"angle": 0, "axis": "y", "origin": [7.3, 20, 4]},
			"faces": {
				"north": {"uv": [13.5, 2.5, 13.75, 3.25], "texture": "#0"},
				"east": {"uv": [12.25, 4, 12.75, 4.75], "texture": "#0"},
				"south": {"uv": [0, 13.5, 0.25, 14.25], "texture": "#0"},
				"west": {"uv": [12.25, 5, 12.75, 5.75], "texture": "#0"},
				"up": {"uv": [15, 7.5, 14.5, 7.25], "rotation": 90, "texture": "#0"},
				"down": {"uv": [15, 11.25, 14.5, 11.5], "rotation": 270, "texture": "#0"}
			}
		},
		{
			"name": "text_BAN",
			"from": [11.3, 22, 1.9],
			"to": [12.3, 25, 3.4],
			"rotation": {"angle": 0, "axis": "y", "origin": [7.3, 20, 4]},
			"faces": {
				"north": {"uv": [5.75, 13.5, 6, 14.25], "texture": "#0"},
				"east": {"uv": [12.25, 6, 12.75, 6.75], "texture": "#0"},
				"south": {"uv": [13.5, 5.5, 13.75, 6.25], "texture": "#0"},
				"west": {"uv": [12.25, 9, 12.75, 9.75], "texture": "#0"},
				"up": {"uv": [15, 12, 14.5, 11.75], "rotation": 90, "texture": "#0"},
				"down": {"uv": [15, 12.25, 14.5, 12.5], "rotation": 270, "texture": "#0"}
			}
		},
		{
			"from": [-1.25, 4, 10.75],
			"to": [0.75, 29, 12.75],
			"rotation": {"angle": 45, "axis": "y", "origin": [0, 0, 0]},
			"faces": {
				"north": {"uv": [2.25, 6.75, 3, 10.75], "texture": "#0"},
				"east": {"uv": [2.25, 6.75, 3, 10.75], "texture": "#0"},
				"south": {"uv": [2.25, 6.75, 3, 10.75], "texture": "#0"},
				"west": {"uv": [2.25, 6.75, 3, 10.75], "texture": "#0"},
				"up": {"uv": [0, 0, 0.5, 0.5], "texture": "#0"},
				"down": {"uv": [0, 0, 0.5, 0.5], "texture": "#0"}
			}
		},
		{
			"from": [6, 18, 6.5],
			"to": [10, 20, 10.5],
			"faces": {
				"north": {"uv": [6.75, 0, 7.5, 1], "texture": "#0"},
				"east": {"uv": [6.75, 0, 7.5, 1], "texture": "#0"},
				"south": {"uv": [6.75, 0, 7.5, 1], "texture": "#0"},
				"west": {"uv": [6.75, 0, 7.5, 1], "texture": "#0"},
				"up": {"uv": [0, 0, 1, 1], "texture": "#0"},
				"down": {"uv": [2.25, 8, 3, 9], "texture": "#0"}
			}
		}
	],
	"display": {
		"thirdperson_righthand": {
			"translation": [-0.25, -3.5, 1.75]
		},
		"thirdperson_lefthand": {
			"translation": [-0.25, -3.5, 1.75]
		},
		"firstperson_righthand": {
			"translation": [0, -1.5, 1.5]
		},
		"firstperson_lefthand": {
			"translation": [0, -1.5, 1.5]
		},
		"ground": {
			"rotation": [-60, 0, 0],
			"translation": [0, 0, 4.75]
		},
		"gui": {
			"rotation": [60, -54, 60],
			"translation": [2.25, -3, 0],
			"scale": [0.5, 0.5, 0.5]
		},
		"head": {
			"rotation": [0, -90, 0],
			"translation": [0, -5, 0]
		},
		"fixed": {
			"rotation": [0, 90, 0],
			"translation": [0, -5, -2.25]
		}
	},
	"groups": [
		0,
		1,
		{
			"name": "text_BAN",
			"origin": [3.3, 20, 4],
			"color": 9,
			"children": [
				{
					"name": "character_b",
					"origin": [3.3, 20, 4],
					"color": 9,
					"children": [2, 3, 4, 5, 6, 7, 8]
				},
				{
					"name": "character_a",
					"origin": [3.3, 20, 4],
					"color": 9,
					"children": [9, 10, 11, 12]
				},
				{
					"name": "character_n",
					"origin": [3.3, 20, 4],
					"color": 9,
					"children": [13, 14, 15, 16]
				}
			]
		},
		{
			"name": "text_BAN2",
			"origin": [3.3, 20, 4],
			"color": 0,
			"children": [
				{
					"name": "character_b2",
					"origin": [3.3, 20, 4],
					"color": 0,
					"children": [17, 18, 19, 20, 21, 22, 23]
				},
				{
					"name": "character_a2",
					"origin": [3.3, 20, 4],
					"color": 0,
					"children": [24, 25, 26, 27]
				},
				{
					"name": "character_n2",
					"origin": [3.3, 20, 4],
					"color": 0,
					"children": [28, 29, 30, 31]
				}
			]
		},
		32,
		33
	]
}